{
  "events": [
    {
      "id": 1,
      "content": "Boleslaw Chrobry",
      "start": "967-01-01",
      "end": "1025-06-17",
      "description" : "Boleslaw Chrobry was the very first Polish king.",
      "references" : ["Monumenta Poloniae Historica", "Life of Chrobry"]
    },
    {
      "id": 2,
      "content": "Boleslaw Chrobry's Coronation",
      "start": "1025-04-18",
      "end": "1025-04-25",
      "description": "The splendor of the royal crown has accompanied the prince for a quarter of a century, since at the memorable Gniezno Congress in 1000, Emperor Otto III symbolically imposed his own tiara on his temple.",
      "references" : ["Monumenta Poloniae Historica"]
    }
  ]
}